epoch,train_loss,valid_loss,dice_score,time
0,0.997144,0.994600,0.017148,00:10
1,0.997023,0.987328,0.029296,00:08
