epoch,train_loss,valid_loss,dice_score,time
0,0.997753,0.994593,0.018335,00:09
1,0.994110,0.985172,0.042217,00:08
