epoch,train_loss,valid_loss,dice_score,time
0,0.999068,0.994965,0.017943,00:21
1,0.994848,0.906977,0.265494,00:19
2,0.985288,0.846808,0.274649,00:20
3,0.952909,0.708888,0.449998,00:19
4,0.939087,0.718926,0.414924,00:19
