epoch,train_loss,valid_loss,dice_score,time
0,0.409571,0.178042,0.885798,04:51
1,0.192014,0.105286,0.906603,04:51
2,0.113493,0.073387,0.934571,04:50
3,0.081679,0.063135,0.940964,04:49
